{
  "extends": [
    // "tslint:latest",
    // "tslint-config-airbnb"
  ],
  "linterOptions": {
    "exclude": [
      "config/**/*.js",
      "src/libs/**/*.ts",
      "src/libs/**/*.js",
      "src/libs/**/*.Destroy",
      "cypress/**/*.js",
      "Jenkins",
      "node_modules",
      "modules",
      "mochawesome-report/**/*.js"
    ]
  },
  "rules": {
    "align": [
      false,
      "parameters",
      "arguments",
      "statements"
    ],
    "ban": false,
    "class-name": true,
    "comment-format": [
      true,
      "check-space"
    ],
    "curly": true,
    "eofline": false,
    "forin": true,
    "indent": [
      true,
      "spaces"
    ],
    "interface-name": [
      false
    ],
    "jsdoc-format": true,
    "jsx-no-lambda": false,
    "jsx-no-multiline-js": false,
    "label-position": true,
    "max-line-length": [
      false,
      240
    ],
    "member-ordering": [
      true,
      "public-before-private",
      "static-before-instance",
      "variables-before-functions"
    ],
    "no-any": true,
    "no-arg": true,
    "no-bitwise": false,
    "no-increment-decrement": false,
    "no-console": [
      false,
      "log",
      "error",
      "debug",
      "info",
      "time",
      "timeEnd",
      "trace"
    ],
    "no-consecutive-blank-lines": true,
    "no-construct": true,
    "no-debugger": false,
    "no-duplicate-variable": true,
    "no-empty": true,
    "no-eval": true,
    "no-shadowed-variable": true,
    "no-string-literal": true,
    "no-switch-case-fall-through": true,
    "no-trailing-whitespace": false,
    "no-unused-expression": true,
    "no-use-before-declare": true,
    "ordered-imports": false,
    "one-line": [
      true,
      "check-catch",
      "check-else",
      "check-open-brace",
      "check-whitespace"
    ],
    "quotemark": [
      true,
      "single",
      "jsx-double"
    ],
    "radix": true,
    "semicolon": [
      true,
      "always",
      "ignore-bound-class-methods"
    ],
    "switch-default": true,
    "trailing-comma": [
      false
    ],
    "triple-equals": [
      true,
      "allow-null-check"
    ],
    "typedef": [
      true,
      "parameter",
      "property-declaration"
    ],
    "typedef-whitespace": [
      true,
      {
        "call-signature": "nospace",
        "index-signature": "nospace",
        "parameter": "nospace",
        "property-declaration": "nospace",
        "variable-declaration": "nospace"
      }
    ],
    "variable-name": [
      true,
      "ban-keywords",
      "check-format",
      "allow-leading-underscore",
      "allow-pascal-case"
    ],
    "whitespace": [
      true,
      "check-branch",
      "check-decl",
      "check-module",
      "check-operator",
      "check-separator",
      "check-type",
      "check-typecast"
    ],
    "no-var-requires": false,
    "prefer-for-of": false,
    "object-literal-sort-keys": false,
    "ter-indent": [
      false,
      "tab"
    ],
    "no-reference": false
  }
}